uid,score
100023,0.923456
300112,0.798123
500889,0.621044
200441,0.312890
400567,0.198765
