uid,score
200441,0.891234
100023,0.672345
400567,0.456789
300112,0.298765
500889,0.187654
