uid,score
400567,0.943210
500889,0.812345
300112,0.567890
200441,0.345678
100023,0.123456
